#,Menu_Item,SKU,Location,Category,Ingredients,Description,Price,Image,Order Online
1,A01L.Spring Roll,A01L,Hamilton,APPETIZERS,pork/ carrots/ taro,"Looking for something crunchy and full of flavor? Our Deep Fried Spring Rolls are just the ticket. Filled with seasoned pork, carrots, and taro before being deep-fried to perfection; these rolls provide a delightful combination of textures and flavor in every bite! The perfect snack or side dish for any meal – pair them up with our famous Pad Thai or a big bowl of Pho soup.
 
**Extra Sauce won't be given with the note.
 (If you require cutlery set, please selec""Add on Cutlery Set"", it won't be given with the note).

",$7.75 ,https://stream.quickposhub.com/0b1f3af0e01b4e2b8b75145f4b4940a1.png,https://cloud.quickposhub.com/onlineorder/#/pages/order/index?hotelid=102503&fc=up
2,A07L.(ROLL)Pork+Shrimp,A07L,Hamilton,APPETIZERS,"Pork, Shrimp, Lettuce, Vermicelli noodles, Bean sprouts, Mint leaves, Rice wrap /","Experience the freshness and flavor of Vietnamese-style Fresh Rolls! Our rolls are filled with succulent shrimp, tender pork, crisp lettuce, tender vermicelli noodles, crunchy bean sprouts and aromatic mint leaves, all wrapped in a delicate rice wrap. Dive into an explosion of flavors and textures that will tantalize your taste buds!
 
**Extra Sauce won't be given with the note.
 (If you require cutlery set, please select ""Add on Cutlery Set"", it won't be given with the note) .
",$9.75 ,https://stream.quickposhub.com/d2467987622f4e159abd6479f1b0c0a0.jpg,https://cloud.quickposhub.com/onlineorder/#/pages/order/index?hotelid=102503&fc=up
3,A08L.(ROLL) Pork,A08L,Hamilton,APPETIZERS,"Grilled pork, bean sprouts, vermicelli noodles, mint leaves, rice wrap.","Unwrap and savor the taste of freshly rolled Vietnamese-style Fresh Rolls! Filled with grilled pork marinated to perfection, crunchy bean sprouts, smooth vermicelli noodles and fresh mint leaves enveloped in a delicate rice wrap - these rolls are sure to tantalize your taste buds.
 
**Extra Sauce won't be given with the note.
 (If you require cutlery set, please select ""Add on Cutlery Set"", it won't be given with the note).
",$9.75 ,https://stream.quickposhub.com/254552fd9d14409a811fe9d64abd891e.jpg,https://cloud.quickposhub.com/onlineorder/#/pages/order/index?hotelid=102503&fc=up
4,A09L.(ROLL) Beef,A09L,Hamilton,APPETIZERS,grilled beef / lettuce / bean sprouts / mint leaves / vermicelli / rice wrapper.,"Dive into a world of succulent grilled beef complemented by crisp lettuce, crunchy bean sprouts, fragrant mint leaves, and silky vermicelli - all wrapped in a refreshingly light and flavorful rice wrapper. Enjoy a unique and unforgettable flavor journey with each bite! **
 
Extra Sauce won't be given with the note.
 (If you require cutlery set, please select ""Add on Cutlery Set"", it won't be given with the note).
",$9.75 ,https://stream.quickposhub.com/d39a0d5894c34bc1a9ff5fde35b3d170.jpg,https://cloud.quickposhub.com/onlineorder/#/pages/order/index?hotelid=102503&fc=up
5,A10L.(ROLL) Chicken,A10L,Hamilton,APPETIZERS,"grilled chicken, bean sprouts, lettuce, vermicelli noodles, mint leaves, rice wrap","Treat your taste buds to a tantalizing experience with these rolls, featuring succulent grilled chicken marinated in deliciousness, crunchy bean sprouts, lettuce, silky vermicelli noodles and fragrant mint leaves enveloped in an exquisite rice wrap.
 
**Extra Sauce won't be given with the note.
 (If you require cutlery set, please select ""Add on Cutlery Set"", it won't be given with the note).
",$9.75 ,https://stream.quickposhub.com/cc9db2fe467548e0b0ff1ef16f178260.jpg,https://cloud.quickposhub.com/onlineorder/#/pages/order/index?hotelid=102503&fc=up
6,A11L.(ROLL) Shrimp,A11L,Hamilton,APPETIZERS,shrimp / lettuce / bean sprouts / mint leaves / vermicelli noodles / rice paper,"Treat your taste buds to a delightful journey with our succulent Vietnamese style Fresh Rolls. Stuffed with juicy shrimp, crisp lettuce, crunchy bean sprouts, aromatic mint leaves, and soft vermicelli noodles - all wrapped together in an airy rice-paper roll - these rolls make for an extraordinary culinary experience! Perfect Appetizer!
 
**Extra Sauce won't be given with the note.
 (If you require cutlery set, please select ""Add on Cutlery Set"", it won't be given with the note).

",$9.75 ,https://stream.quickposhub.com/66102e0f9b604fabbef28671176b73ae.jpg,https://cloud.quickposhub.com/onlineorder/#/pages/order/index?hotelid=102503&fc=up
7,Q01L. Shrimp Wonton (FRIED),Q01L,Hamilton,APPETIZERS,shrimp / wonton wrappers / seasoning / oil for frying,"Indulge in a delicious bite of deep-fried seafood goodness with our golden, crispy shrimp wontons. Perfectly seasoned and filled with succulent shrimp, these wontons have a delightful crunch and will tantalize your taste-buds. Enjoy as an appetizer or snack - you won 't be able to resist! 
 
**Extra Sauce won't be given with the note.
 (If you require cutlery set, please select ""Add on Cutlery Set"", it won't be given with the note).",$12.65 ,https://stream.quickposhub.com/d1485d6f81ef49338c38f0d471132188.jpg,https://cloud.quickposhub.com/onlineorder/#/pages/order/index?hotelid=102503&fc=up
8,Q02L.Chicken Wing (BUTTER),Q02L,Hamilton,APPETIZERS,Chicken wings / fish sauce / butter.,"This is a customer favorite. An indescribable fish and butter sauce combo is poured over perfectly crispy chicken wings. Every bite of these tantalizing butter chicken wings will have your taste buds begging for more! Try some today and discover why Torontonians are so obsessed with this Toronto Pho classic. 
 
**Extra Sauce won't be given with the note.
 (If you require cutlery set, please select ""Add on Cutlery Set"", it won't be given with the note).
",$13.35 ,https://stream.quickposhub.com/9aa8260ef16a4d59bddf249278b31a79.png,https://cloud.quickposhub.com/onlineorder/#/pages/order/index?hotelid=102503&fc=up
9,Q03L.Wings (FISH SAUCE),Q03L,Hamilton,APPETIZERS,chicken wings / fish sauce / sugar / garlic / chili / lime / cilantro,"Classic fish sauce wings get an upgrade with Toronto Pho's take on this beloved dish. Juicy, deep fried chicken wings are tossed in a sweet and savory fish sauce glaze - the perfect combination of crunchy, salty, and sweet. **
 
Extra Sauce won' t be given with the note.
 (If you require cutlery set, please select ""Add on Cutlery Set"", it won't be given with the note).
",$13.35 ,https://stream.quickposhub.com/5ccd25fdb8624562930041259652e2c6.png,https://cloud.quickposhub.com/onlineorder/#/pages/order/index?hotelid=102503&fc=up
10,P05L.(PHO)Rare+Tripe,P05L,Hamilton,BEEF BROTH,Rare beef/tripe/rice noodles/beef broth/warm spices/fresh herbs,"Indulge your taste buds in the ultimate comfort food with Toronto Pho's Rare Beef and Tripe pho. Savor the fragrant, aromatic broth, punctuated with warm spices and fresh herbs. Sink your spoon into the silky texture of our signature rice noodles, and top it off with perfectly cooked rare beef and tripe. Enjoy a bowl of deliciousness that'll have your tastebuds singing! 
 
**Extra Sauce won't be given with the note.
 (If you require cutlery set, please select ""Add on Cutlery Set"", it won't be given with the note).",$17.75 ,https://stream.quickposhub.com/5a51706be3bc4f24a591e15edc4e64cc.png,https://cloud.quickposhub.com/onlineorder/#/pages/order/index?hotelid=102503&fc=up
11,P16L.(PHO) Chicken,P16L,Hamilton,BEEF BROTH,"signature broth, natural ingredients, rice noodles, chicken slices, herbs, spices, sauces.","Treat your senses to the deliciousness of Toronto Pho's Chicken pho! Our signature broth is made with the finest natural ingredients, served with a bed of freshly cooked rice noodles, and topped with tender chicken slices. Enjoy the flavors even more as it is accompanied by herbs, spices and sauces that make this dish a real delight. Slurp up this classic bowl of pho and savor the amazing taste! 
 
**Extra Sauce won't be given with the note.
 (If you require cutlery set, please select ""Add on Cutlery Set"", it won't be given with the note).",$17.75 ,https://stream.quickposhub.com/a4d4fb766fb3477d8270f96c5f0b7f70.png,https://cloud.quickposhub.com/onlineorder/#/pages/order/index?hotelid=102503&fc=up
12,E05L.(EggNoodle) StewBeef,E05L,Hamilton,BEEF BROTH," beef, egg noodles, carrots, tendon, star anise, lemongrass.","Our Mì Bò Kho is a fragrant beef stew teeming with chunks of melt-in-your-mouth meat, carrots and tendon. Slow cooked for hours, this flavorsome combination has been infused with exotic spices - star anise & lemongrass – providing the ultimate comfort food experience! Served on top of egg noodles. /div>
 
**Extra Sauce won't be given with the note.
 (If you require cutlery set, please sel""Add on Cutlery Set"", it won't be given with the note).
",$17.75 ,https://stream.quickposhub.com/2fc29b55e21f48ee9d3cc69e6427465f.png,https://cloud.quickposhub.com/onlineorder/#/pages/order/index?hotelid=102503&fc=up
13,P01L. (PHO) Special,P01L,Hamilton,BEEF BROTH,Tender rice noodles/Rare beef/Well-Done beef/Tripe/Beef balls/Tendon/Broth.,"Our Phở comes with a generous portion of tender rice noodles topped with slices of Rare beef, Well-Done beef, Tripe, Beef balls and Tendon. Rich in aroma, our broth is perfect for when you're looking for something comforting and satisfying.
 
**Extra Sauce won't be given with the note.
 (If you require cutlery set, please selec""Add on Cutlery Set"", it won't be given with the note).",$17.75 ,https://stream.quickposhub.com/332e624cd3554302af63006714a70f32.png,https://cloud.quickposhub.com/onlineorder/#/pages/order/index?hotelid=102503&fc=up
14,H06L.(RiceNoodle) StewBeef,H06L,Hamilton,BEEF BROTH,"Beef, rice noodles, carrots, tendon, star anise, lemongrass.","Our Hủ Tíu Bò Kho is a fragrant beef stew teeming with chunks of melt-in-your-mouth meat, carrots and tendon. Slow cooked for hours, this flavorsome combination has been infused with exotic spices - star anise & lemongrass – providing the ultimate comfort food experience! Served on top of rice noodles. 
 
**Extra Sauce won't be given with the note.
 (If you require cutlery set, please s""Add on Cutlery Set"", it won't be given with the note) .
",$17.75 ,https://stream.quickposhub.com/25cc85313db84681ae0d73c25a00d53e.png,https://cloud.quickposhub.com/onlineorder/#/pages/order/index?hotelid=102503&fc=up
15,P04L.(PHO)Rare+Tendon,P04L,Hamilton,BEEF BROTH,rare beef / tendons / signature broth / fresh rice noodles,"Indulge in the savory goodness of Toronto Pho's Rare Beef and Tendon pho. Each bowl comes with tender slices of rare beef and chewy tendons. Our signature broth is cooked to perfection and served over a bed of fresh rice noodles, providing an unforgettable flavor experience. Every spoonful is packed with flavor, making it the perfect comfort food for any time of the day. 
 
**Extra Sauce won't be given with the note.
 (If you require cutlery set, please select ""Add on Cutlery Set"", it won't be given with the note).",$17.75 ,https://stream.quickposhub.com/9135adb2af624b9587002f291aab996d.png,https://cloud.quickposhub.com/onlineorder/#/pages/order/index?hotelid=102503&fc=up
16,P09L.(PHO)WellDone+Tripe,P09L,Hamilton,BEEF BROTH,signature broth/beef/tripe/fresh rice noodles/cutlery set (if selected),"Indulge your senses with Toronto Pho's classic Beef and Tripe Pho, simmered in our signature broth full of flavor. Enjoy a generous portion of fresh rice noodles topped with slices of perfectly cooked, well-done beef and tripe. With traditional, top-notch ingredients and an alluring aroma, our Beef and Tripe Pho is sure to satisfy you. Come and savor the taste of authentic Vietnamese cuisine!
 
**Extra Sauce won't be given with the note.
 (If you require cutlery set, please select ""Add on Cutlery Set"", it won't be given with the note).",$17.75 ,https://stream.quickposhub.com/4974836008e5420da25f3175d3c71385.png,https://cloud.quickposhub.com/onlineorder/#/pages/order/index?hotelid=102503&fc=up
17,P02L.(PHO) Rare Beef,P02L,Hamilton,BEEF BROTH,"Beef, rice noodles, secret blend of spices, broth.","Sink your chopsticks into the depths of our Rare Beef Pho and discover an explosion of flavors in each fragrant spoonful. Our authentic, slow-cooked broth is made with a secret blend of spices, creating a delightful balance between sweet and savory that will tantalize your taste buds. Served on a bed of freshly cooked rice noodles, this is a dish that you won't be able to resist! Experience the tantalizing taste of our Rare Beef Pho and savor every single bite.
 
**Extra Sauce won't be given with the note.
 (If you require cutlery set, please select ""Add on Cutlery Set"", it won't be given with the note).",$17.75 ,https://stream.quickposhub.com/b828558cbb4d488f8e00eafa79a398f6.png,https://cloud.quickposhub.com/onlineorder/#/pages/order/index?hotelid=102503&fc=up
18,P20L.(PHO) VEGE Beef Soup,P20L,Hamilton,BEEF BROTH,Beef broth / Rice noodles / Bok choy / Broccoli / Green peppers / Red peppers / Carrots / Bean sprouts / Fresh herbs.,"Soothe your soul with Toronto Pho's delicious Vegetable Pho! Our beef broth is simmered to perfection and generously filled with fresh vegetables like Bok Choy, broccoli, green and red peppers, and carrots all on a bed of rice noodles. To top it off, we generously provide a side of bean sprouts and fresh herbs. Enjoy all the flavors in one bowl!  
 
**Extra Sauce won't be given with the note.
 (If you require cutlery set, please select ""Add on Cutlery Set"", it won 't be given with the note).",$17.25 ,https://stream.quickposhub.com/08938cbee4bb4649bfd7187f4e86e772.png,https://cloud.quickposhub.com/onlineorder/#/pages/order/index?hotelid=102503&fc=up
19,P07L.(PHO) Well-Done,P07L,Hamilton,BEEF BROTH,flavorful broth / fresh rice noodles / slices of well done beef,"Try Toronto Pho's signature Well Done beef pho and let your taste buds be tantalized. Our flavorful broth is paired with a bed of fresh rice noodles and slices of tender, slow-cooked well done beef to leave you feeling satisfied. Come and experience the truly authentic taste of Vietnamese cuisine with us.
 
**Extra Sauce won't be given with the note.
 (If you require cutlery set, please select ""Add on Cutlery Set"", it won't be given with the note).",$17.75 ,https://stream.quickposhub.com/5d69b6db803e47ec949111db2362b94d.png,https://cloud.quickposhub.com/onlineorder/#/pages/order/index?hotelid=102503&fc=up
20,P03L.(PHO)Rare+WellDone,P03L,Hamilton,BEEF BROTH,Rare beef/ Well-done beef/ Signature broth/ Savory spices/ Aromas/ Fresh rice noodles,"If you're looking for an unforgettable Vietnamese experience, try Toronto Pho's Rare Beef and Well Done Beef! Our signature broth is the perfect combination of savory spices with aromas that will tantalize your taste buds. Enjoy tender cuts of Rare and well done on beef a bed of fresh rice noodles for a bowl of Pho you won't forget. Dig in and enjoy the rich and flavorful experience Toronto Pho has to offer! 
 
**Extra Sauce won't be given with the note.
 (If you require cutlery set, please select ""Add on Cutlery Set"", it won't be given with the note).",$17.75 ,https://stream.quickposhub.com/b3b56541a27d467d900653e2dd88614e.png,https://cloud.quickposhub.com/onlineorder/#/pages/order/index?hotelid=102503&fc=up
21,P06L.(PHO)Rare+Ball,P06L,Hamilton,BEEF BROTH,signature broth/rare beef/beef balls/fresh rice noodles.,"Indulge your senses and take your taste buds on a journey with Toronto Pho's Rare Beef and Beef Ball pho. Our signature broth is simmered for hours to bring out the optimal flavor, and the fresh rice noodles provide the perfect base for this traditional Vietnamese dish. Each bowl is topped with a generous portion of rare beef and beef balls. 
 .
 **Extra Sauce won't be given with the note.
 (If you require cutlery set, please select ""Add on Cutlery Set"", it won't be given with the note).",$17.75 ,https://stream.quickposhub.com/439cf473b18f47a9815e87daa8a529a8.png,https://cloud.quickposhub.com/onlineorder/#/pages/order/index?hotelid=102503&fc=up
22,P10L.(PHO) WellDone+Ball,P10L,Hamilton,BEEF BROTH,"/ signature broth, fresh rice noodles, well-done beef, beef balls.","Treat yourself to Toronto Pho's Well Done Beef and Beef Ball pho! Our signature broth is full of flavor and goes perfectly with a bed of fresh rice noodles. Each bowl is topped with slices of succulent, well-done beef and juicy beef balls that make this dish truly mouthwatering. Enjoy a delicious bowl of pho today. 
 
**Extra Sauce won't be given with the note.
 (If you require cutlery set, please select ""Add on Cutlery Set"", it won't be given with the note).",$17.75 ,https://stream.quickposhub.com/de18ebb0d05b4377af1428e2f7dabf0a.png,https://cloud.quickposhub.com/onlineorder/#/pages/order/index?hotelid=102503&fc=up
23,P08L.(PHO)WellDone+Tendon,P08L,Hamilton,BEEF BROTH,signature broth/beef/tendon/rice noodles/slices of well-done beef.,"Experience the delicious and comforting flavor of Toronto Pho's Well Done Beef and Tendon pho. Our signature broth will tantalize your tastebuds while the fresh rice noodles provide a perfect base. Top it off with slices of well-done beef and tendon for an unforgettable flavor sensation ! Enjoy a bowl of this comforting and delicious dish today. 
 
**Extra Sauce won't be given with the note.
 (If you require cutlery set, please select ""Add on Cutlery Set"", it won't be given with the note ).",$17.75 ,https://stream.quickposhub.com/510d8ca099d548b484f4f6e8527bde9f.png,https://cloud.quickposhub.com/onlineorder/#/pages/order/index?hotelid=102503&fc=up
24,2303.Sprite,2303,Hamilton,BEVERAGE/COFFEE,"Sprite, ice, lemon wedge /",,$2.50 ,https://stream.quickposhub.com/a27bd207f2c941538152dde6f8c0dea4.jpg,https://cloud.quickposhub.com/onlineorder/#/pages/order/index?hotelid=102503&fc=up
25,380.Coco Coffee,380,Hamilton,BEVERAGE/COFFEE,"coffee, coconut milk, cocoa powder, sugar.",,$6.50 ,https://stream.quickposhub.com/d101470edb864386b2b94b559c6b35d9.jpg,https://cloud.quickposhub.com/onlineorder/#/pages/order/index?hotelid=102503&fc=up
26,2302.Coke,2302,Hamilton,BEVERAGE/COFFEE,carbonated water / high fructose corn syrup / caramel color / phosphoric acid / natural flavors / caffeine / sodium citrate,,$2.50 ,https://stream.quickposhub.com/8325c2ec0b86476d8191ffd3fec8e7c3.jpg,https://cloud.quickposhub.com/onlineorder/#/pages/order/index?hotelid=102503&fc=up
27,2301.BottleWater,2301,Hamilton,BEVERAGE/COFFEE,purified water.,,$2.75 ,https://stream.quickposhub.com/a0678cc812424e108bff2789f2bbec30.jpg,https://cloud.quickposhub.com/onlineorder/#/pages/order/index?hotelid=102503&fc=up
28,233.Thai Coffee,233,Hamilton,BEVERAGE/COFFEE,Thai coffee beans/ condensed milk/ sugar/ ice cubes.,,$6.50 ,https://stream.quickposhub.com/60ca4da332204b3bbf960e70f7735c4c.jpg,https://cloud.quickposhub.com/onlineorder/#/pages/order/index?hotelid=102503&fc=up
29,209.LemonJuice,209,Hamilton,BEVERAGE/COFFEE,"lemon juice, water, sugar.",,$6.50 ,https://stream.quickposhub.com/31c1b103b4524c779012735dadf15820.jpg,https://cloud.quickposhub.com/onlineorder/#/pages/order/index?hotelid=102503&fc=up
30,2306. Diet Coke,2306,Hamilton,BEVERAGE/COFFEE,carbonated water / caramel color / aspartame / phosphoric acid / potassium benzoate / natural flavors / citric acid / caffeine.,,$2.50 ,https://stream.quickposhub.com/d87f44c036b64701b643853df1b2a87c.jpg,https://cloud.quickposhub.com/onlineorder/#/pages/order/index?hotelid=102503&fc=up
31,203.Iced Coffee,203,Hamilton,BEVERAGE/COFFEE,"coffee, ice, milk, sugar /",,$6.50 ,https://stream.quickposhub.com/cdb7fa2eadf74f03b431fcb36b047051.jpg,https://cloud.quickposhub.com/onlineorder/#/pages/order/index?hotelid=102503&fc=up
32,390.WhiteCoffee,390,Hamilton,BEVERAGE/COFFEE,coffee beans/ sugar/ creamer/ maltodextrin/ flavorings,,$6.50 ,https://stream.quickposhub.com/58b8f0a8f8e64a29b625767714c247aa.jpg,https://cloud.quickposhub.com/onlineorder/#/pages/order/index?hotelid=102503&fc=up
33,"VVV,VaVaViet",VVV,Hamilton,BEVERAGE/COFFEE,"beef, lemongrass, garlic, ginger, fish sauce, soy sauce, rice noodles, bean sprouts, cilantro, lime /",,$6.50 ,https://stream.quickposhub.com/eb909b4eb24240d98b95bfa855b4c319.jpg,https://cloud.quickposhub.com/onlineorder/#/pages/order/index?hotelid=102503&fc=up
34,232.P-FruitJuice,232,Hamilton,BEVERAGE/COFFEE,"/ fruit blend (orange, apple, pineapple, mango) / sugar / water / citric acid / preservatives / natural flavors / vitamins",,$6.50 ,https://stream.quickposhub.com/e8cc9ce413544250819832006438db24.jpg,https://cloud.quickposhub.com/onlineorder/#/pages/order/index?hotelid=102503&fc=up
35,2305.Nestea,2305,Hamilton,BEVERAGE/COFFEE,"black tea, natural flavors, citric acid, sodium saccharin, ascorbic acid, caramel color, sodium benzoate, potassium sorbate, acesulfame potassium.",,$2.50 ,https://stream.quickposhub.com/1a22023010a847dfa7577931b99cca38.jpg,https://cloud.quickposhub.com/onlineorder/#/pages/order/index?hotelid=102503&fc=up
36,208.CocoJuice,208,Hamilton,BEVERAGE/COFFEE,coconut water / ice cubes,,$6.50 ,https://stream.quickposhub.com/05575899ab134288a09472d1df067a8d.jpg,https://cloud.quickposhub.com/onlineorder/#/pages/order/index?hotelid=102503&fc=up
37,602.G/TeaFOAM,602,Hamilton,BUBBLE TEA,602.G tea blend / foam milk,,$6.50 ,https://stream.quickposhub.com/7c047b92731f45828a71aaf1ddf8df6b.jpg,https://cloud.quickposhub.com/onlineorder/#/pages/order/index?hotelid=102503&fc=up
38,310.Pineapple,310,Hamilton,BUBBLE TEA,"pineapple juice, coconut milk, rum, lime juice, simple syrup, and ice.",,$6.50 ,https://stream.quickposhub.com/42082b79158c4492b4fd7cd185fd085a.jpg,https://cloud.quickposhub.com/onlineorder/#/pages/order/index?hotelid=102503&fc=up
39,306.Coconut,306,Hamilton,BUBBLE TEA,coconut milk / coconut cream / sugar / water / salt.,,$6.50 ,https://stream.quickposhub.com/d7d16249ec6b442abc5ba500a43ec254.jpg,https://cloud.quickposhub.com/onlineorder/#/pages/order/index?hotelid=102503&fc=up
40,317.Matcha,317,Hamilton,BUBBLE TEA,matcha powder / hot water / milk / sweetener.,,$6.50 ,https://stream.quickposhub.com/24ce69192e2b41d08cc1094296e850b2.jpg,https://cloud.quickposhub.com/onlineorder/#/pages/order/index?hotelid=102503&fc=up
41,703.Mango Yogurt(L),703,Hamilton,BUBBLE TEA,mango puree/ yogurt/ sugar/ lemon juice/ gelatin/ water.,,$8.50 ,https://stream.quickposhub.com/d04035410b6e4d7a9994370b1b7ec9c9.jpg,https://cloud.quickposhub.com/onlineorder/#/pages/order/index?hotelid=102503&fc=up
42,702.Strawberry Yogurt(L),702,Hamilton,BUBBLE TEA,strawberries/ yogurt/ sugar/ natural flavors/ milk solids/ pectin,,$8.50 ,https://stream.quickposhub.com/876a8adbe0d046dba12e627960fa2903.jpg,https://cloud.quickposhub.com/onlineorder/#/pages/order/index?hotelid=102503&fc=up
43,603.WintermelonFOAM,603,Hamilton,BUBBLE TEA,"wintermelon, sugar, water, gelatin, and foam stabilizer.",,$6.50 ,https://stream.quickposhub.com/be33749a33214484873c3960f5b2bf86.jpg,https://cloud.quickposhub.com/onlineorder/#/pages/order/index?hotelid=102503&fc=up
44,504.StrawberryLover(L),504,Hamilton,BUBBLE TEA, strawberries/cream/ice cream/sugar/milk/vanilla extract.,,$8.50 ,https://stream.quickposhub.com/1998a16acd3f4da8be2aee867e4c344a.jpg,https://cloud.quickposhub.com/onlineorder/#/pages/order/index?hotelid=102503&fc=up
45,501.Mango G/Tea(L),501,Hamilton,BUBBLE TEA,mango puree/sugar/water/ice/black tea bag.,,$8.50 ,https://stream.quickposhub.com/bd170e37de9b44e2b9b9a52971de0064.jpg,https://cloud.quickposhub.com/onlineorder/#/pages/order/index?hotelid=102503&fc=up
46,502.P-Fruit Tea (L),502,Hamilton,BUBBLE TEA,fruit tea blend / filtered water / ice / optional sweetener,,$8.50 ,https://stream.quickposhub.com/2f9a2930ecdb46bb8e29f476b44e5940.jpg,https://cloud.quickposhub.com/onlineorder/#/pages/order/index?hotelid=102503&fc=up
47,302.HoneyDew,302,Hamilton,BUBBLE TEA,carbonated water / high fructose corn syrup / caramel color / phosphoric acid / natural flavors / caffeine / sodium citrate,,$6.50 ,https://stream.quickposhub.com/3eb0a78c8dc24d27a600d4dfe87d769e.jpg,https://cloud.quickposhub.com/onlineorder/#/pages/order/index?hotelid=102503&fc=up
48,705.Explosion(L),705,Hamilton,BUBBLE TEA,ground beef / jalapenos / onion / pepper jack cheese / chipotle mayo / lettuce / tomato / sesame seed bun,,$8.50 ,https://stream.quickposhub.com/b07c38db0e254663a0979027e8c93202.jpg,https://cloud.quickposhub.com/onlineorder/#/pages/order/index?hotelid=102503&fc=up
49,307.Watermelon,307,Hamilton,BUBBLE TEA," watermelon, mint, feta cheese, red onion, olive oil, balsamic vinegar /",,$6.50 ,https://stream.quickposhub.com/fbc315a9727e4e8f8d91528f101ed271.jpg,https://cloud.quickposhub.com/onlineorder/#/pages/order/index?hotelid=102503&fc=up
50,505.Wintermelon (L),505,Hamilton,BUBBLE TEA,"wintermelon, sugar, water.",,$8.50 ,https://stream.quickposhub.com/ae2bd6b65b394fb599e7ded9446783a2.jpg,https://cloud.quickposhub.com/onlineorder/#/pages/order/index?hotelid=102503&fc=up
51,301.Taro,301,Hamilton,BUBBLE TEA,"Taro, sugar, coconut milk, tapioca pearls, water/",,$6.50 ,https://stream.quickposhub.com/fcd7268d96184427981b7becb0e3c827.jpg,https://cloud.quickposhub.com/onlineorder/#/pages/order/index?hotelid=102503&fc=up
52,308.Oolong with Tapioca,308,Hamilton,BUBBLE TEA,"Oolong tea, tapioca pearls, milk, sugar, water.",,$6.50 ,https://stream.quickposhub.com/421a90735e86476abeb84e37baed0df7.jpg,https://cloud.quickposhub.com/onlineorder/#/pages/order/index?hotelid=102503&fc=up
53,506.GrapefruitTea(L),506,Hamilton,BUBBLE TEA,"grapefruit, tea leaves.",,$8.50 ,https://stream.quickposhub.com/953c24d41de344a4b1323473f8d9a3d8.jpg,https://cloud.quickposhub.com/onlineorder/#/pages/order/index?hotelid=102503&fc=up
54,606.B/SugarFOAM,606,Hamilton,BUBBLE TEA,"Sugar, Foam",,$6.50 ,https://stream.quickposhub.com/951838a0bf0a4a9596867c17b335cb78.jpg,https://cloud.quickposhub.com/onlineorder/#/pages/order/index?hotelid=102503&fc=up
55,312.Pearl Milk with Tapioca,312,Hamilton,BUBBLE TEA,milk / tapioca / sugar / pearls,,$6.50 ,https://stream.quickposhub.com/ad45f32859724c75b63d6aa6d553be93.jpg,https://cloud.quickposhub.com/onlineorder/#/pages/order/index?hotelid=102503&fc=up
56,604.MangoFOAM,604,Hamilton,BUBBLE TEA,mango puree/ gelatin/ sugar/ water/ whipped cream,,$6.50 ,https://stream.quickposhub.com/317d898003b8427ba76cbdbb573fdf1d.jpg,https://cloud.quickposhub.com/onlineorder/#/pages/order/index?hotelid=102503&fc=up
57,701.Sunrise(L),701,Hamilton,BUBBLE TEA,rum / lemon juice / grenadine / soda water / orange twist.,,$8.50 ,https://stream.quickposhub.com/3bffea137cfa4251a3155912a93c8586.jpg,https://cloud.quickposhub.com/onlineorder/#/pages/order/index?hotelid=102503&fc=up
58,311.B/Sugar with Tapioca,311,Hamilton,BUBBLE TEA,sugar / tapioca,,$6.50 ,https://stream.quickposhub.com/596b33fbf76f4ddf8a494fecb3d3032a.jpg,https://cloud.quickposhub.com/onlineorder/#/pages/order/index?hotelid=102503&fc=up
59,304.Strawberry,304,Hamilton,BUBBLE TEA,strawberries / ice / milk / sugar / vanilla extract,,$6.50 ,https://stream.quickposhub.com/322e3dc9e8594267a61dc552089440f9.jpg,https://cloud.quickposhub.com/onlineorder/#/pages/order/index?hotelid=102503&fc=up
60,507.LemonQueen(L),507,Hamilton,BUBBLE TEA,lemon juice / simple syrup / club soda / lemon slices / mint leaves / crushed ice,,$8.50 ,https://stream.quickposhub.com/97236ba1eb9d43f9893b82dbe90b7385.jpg,https://cloud.quickposhub.com/onlineorder/#/pages/order/index?hotelid=102503&fc=up
61,503.PeachTea(L),503,Hamilton,BUBBLE TEA,"black tea, peach flavoring, water, and sugar./",,$8.50 ,https://stream.quickposhub.com/7abedcc571a14ad886ce6c9947829e9f.jpg,https://cloud.quickposhub.com/onlineorder/#/pages/order/index?hotelid=102503&fc=up
62,305.PassionFruit,305,Hamilton,BUBBLE TEA,"passion fruit juice, vodka, simple syrup, and fresh lime juice.",,$6.50 ,https://stream.quickposhub.com/112bd38beb784d22938d708cbcd0aaed.jpg,https://cloud.quickposhub.com/onlineorder/#/pages/order/index?hotelid=102503&fc=up
63,315.Thai Tea,315,Hamilton,BUBBLE TEA,Thai tea leaves/ water/ sugar/ milk or cream/ ice cubes.,,$6.50 ,https://stream.quickposhub.com/93fc7ba89a5b4ae1b1812da74ddb906b.jpg,https://cloud.quickposhub.com/onlineorder/#/pages/order/index?hotelid=102503&fc=up
64,605.OolongFOAM,605,Hamilton,BUBBLE TEA,"Oolong tea, foam (ingredients may vary but commonly include milk or alternative milk, sugar or sweetener, stabilizers).",,$6.50 ,https://stream.quickposhub.com/6c79409b9d3143029023905469531b89.jpg,https://cloud.quickposhub.com/onlineorder/#/pages/order/index?hotelid=102503&fc=up
65,303.Mango,303,Hamilton,BUBBLE TEA,"mango, lime juice, mint, sugar syrup, crushed ice.",,$6.50 ,https://stream.quickposhub.com/5e64a724f8fe46e0b16919c60cb7f5fb.jpg,https://cloud.quickposhub.com/onlineorder/#/pages/order/index?hotelid=102503&fc=up
66,508.Fruit Addict (L),508,Hamilton,BUBBLE TEA,strawberries/mangoes/pineapples/blueberries/banana slices/orange juice/apple juice/ice cubes,,$8.50 ,https://stream.quickposhub.com/01e0abe8c1dc4c729f2baa0d6b0517fb.jpg,https://cloud.quickposhub.com/onlineorder/#/pages/order/index?hotelid=102503&fc=up
67,X26L.Vietnamese Pancake,X26L,Hamilton,CHEF'S SPECIAL,"coconut, turmeric, pork, shrimp, fresh herbs, lettuce, fish sauce","Feast your eyes on Banh Xeo, a scrumptious Vietnamese crepe with a savory surprise. Luscious coconut and turmeric batter sizzle up to create the perfect shell for pork or shrimp stuffing! Comes with a side of fresh herbs, lettuce and fish sauce. Enjoy this delightful dish - it's sure to tantalize your taste buds. 
 
**Extra Sauce won't be given with the note.
 (If you require cutlery set, please select ""Add on Cutlery Set"", it won't be given with the note).
",$18.95 ,https://stream.quickposhub.com/7f77bf50bf624d3f9b0e259ac0766e89.png,https://cloud.quickposhub.com/onlineorder/#/pages/order/index?hotelid=102503&fc=up
68,C03L. Pork Blood Congee,C03L,Hamilton,CHEF'S SPECIAL,"white pork blood jelly, white fish, congee, fried onions, white onions, fresh herbs.","Treat your appetite to a comforting bowl of our White Pork Blood Jelly Congee. This dish features succulent pieces of white fish atop an irresistibly creamy and hearty congee, sure to be the highlight of your dining experience! Our congee is topped with crunchy fried onions, white onions and fresh herbs. 
 
**Extra Sauce won't be given with the note.
 (If you require cutlery set, please select ""Add on Cutlery Set"", it won't be given with the note).",$16.50 ,https://stream.quickposhub.com/9e4d366fa6e6437f9542ec6a0185e446.png,
69,E07L.Egg Noodle with Side Soup,E07L,Hamilton,CHEF'S SPECIAL,egg noodles/ broth/ vegetables/ protein (optional)/ seasonings,,$16.95 ,https://stream.quickposhub.com/103550bfb7504c1da335f1043cc8167b.jpg,
70,C04L.BEEF Congee,C04L,Hamilton,CHEF'S SPECIAL,congee/ground beef/white onion/fried onions,"Our succulent beef congee is a must-try! Served with lusciously creamy congee, it's topped with ground beef and garnished with fragrant white onion for an extra punch of flavor. Sweet crunchy fried onions add texture to this tantalizing dish - perfect as part of any meal!
 
**Extra Sauce won't be given with the note.
 (If you require cutlery set, please select ""Add on Cutlery Set"", it won't be given with the note).",$16.50 ,https://stream.quickposhub.com/13780e21e32f43fda4e0cd9fd271a1b2.png,
71,C06L. SEAFOOD Congee,C06L,Hamilton,CHEF'S SPECIAL,shrimps/crabmeat/seafood goodies/fried onions/herbs/white onion.,"Savor a comforting bowl of creamy congee bursting with flavorful seafood! Our generous selection includes succulent shrimps, crabmeat and other delicious seafood goodies - topped off by crunchy fried onions, fragrant herbs and white onion for extra texture.
 
**Extra Sauce won't be given with the note.
 (If you require cutlery set, please select ""Add on Cutlery Set"", it won't be given with the note).",$16.50 ,https://stream.quickposhub.com/ffe69ec22d1d4abfac0607f770a2795d.png,
72,X19L.Tilapia (Ginger Sauce),X19L,Hamilton,CHEF'S SPECIAL,tilapia fillet / soy sauce / ginger / garlic / onion / bell peppers / mushrooms / sugar / cornstarch / vegetable oil / salt / pepper / green onions,"Tilapia, Vegetable and Ginger Fish Sauce
 **Extra Sauce won't be given with the note.
 (If you require cutlery set, please select ""Add on Cutlery Set"", it won't be given with the note).
",$17.95 ,https://stream.quickposhub.com/607393afb8bf40689b4cbae7b4fc7293.png,https://cloud.quickposhub.com/onlineorder/#/pages/order/index?hotelid=102503&fc=up
73,C05L.Pork Intestine Congee,C05L,Hamilton,CHEF'S SPECIAL,pork intestine / pork liver / heart / tongue / blood jelly.,"pork liver, heart, tongue, blood jelly",$16.50 ,https://stream.quickposhub.com/6bdfe8b9727f491aa827be74e58804c0.png,
74,B06L.SHRIMP Udon Noodle,B06L,Hamilton,CHEF'S SPECIAL,"shrimp, udon noodles, signature broth, fried onions, green onions.","Our mouth-watering Udon noodle soup with shrimp is sure to tantalize your taste buds! Delight in our signature broth which holds succulent shrimp and perfect, thick noodles. Topped off with a sprinkle of fried onions plus zesty green onions for the ultimate flavor experience- -this dish will have you coming back for more!
 
**Extra Sauce won't be given with the note.
 (If you require cutlery set, please select ""Add on Cutlery Set"", it won't be given with the note) .
",$17.25 ,https://stream.quickposhub.com/381cf67061f74bbe90122cc6565730cf.png,
75,C01L. FISH Congee,C01L,Hamilton,CHEF'S SPECIAL,white fish / congee / crunchy fried onions / white onions / fresh herbs,"Treat your appetite to a comforting bowl of our White Fish Congee. This dish features succulent pieces of white fish atop an irresistibly creamy and hearty congee, sure to be the highlight of your dining experience! Our congee is topped with crunchy fried onions, white onions and fresh herbs. 
 
**Extra Sauce won't be given with the note.
 (If you require cutlery set, please select ""Add on Cutlery Set"", it won't be given with the note).

",$16.50 ,https://stream.quickposhub.com/f170e34c45dc4581b134112838a8e85a.png,
76,X21L.Marinated FISH (rice),X21L,Hamilton,CHEF'S SPECIAL,"basa fish, sweet and sour sauce, pork belly, white rice","If you're looking for a hearty, delicious dish to warm your soul, look no further than Cá Kho Tộ. This traditional Vietnamese dish is made with succulent pieces of basa fish braised in a sweet and sour sauce, topped with pieces of pork belly . The fish is cooked in a claypot until it's hot and smoking, then served with steamed white rice on the side.
 
**Extra Sauce won't be given with the note.
 (If you require cutlery set, please sele""Add on Cutlery Set"", it won't be given with the note).
",$19.95 ,https://stream.quickposhub.com/acf48c0e12d34b0caee290e804232b7d.png,https://cloud.quickposhub.com/onlineorder/#/pages/order/index?hotelid=102503&fc=up
77,R17L.Fried Rice (Fish+Chicken),R17L,Hamilton,CHEF'S SPECIAL,"chicken, fish, salted fish, peas, carrot, egg.","Chicken, scrambled salted fish, peas, carrot, egg
",$17.50 ,https://stream.quickposhub.com/9ec16ceb0b3e4af4b3b9c88cb1e25a5c.png,https://cloud.quickposhub.com/onlineorder/#/pages/order/index?hotelid=102503&fc=up
78,B07L. CrabMeat Udon Noodle,B07L,Hamilton,CHEF'S SPECIAL, crabmeat / pork / shrimp / fish balls / udon noodles,"Dive into a bowl of our signature soup, an alluring blend of succulent crabmeat, savory pork and shrimp along with delectable fish balls. All served atop pillow-soft udon noodles for the perfect combination!
 
**Extra Sauce won't be given with the note.
 (If you require cutlery set, please select ""Add on Cutlery Set"", it won't be given with the note).
",$17.50 ,https://stream.quickposhub.com/9a2b2ad3597a42a38b856e70a2489c51.png,
79,X24.HANOI Vermicelli,X24,Hamilton,CHEF'S SPECIAL,rice noodles (bun) / pork patties (cha) / thinly sliced pork belly / fresh Vietnamese herbs / sweet chili sauce.,"Indulge in this delightful and light meal of rice noodles (bun) with pork patties (cha), thinly sliced ​​pork belly, fresh Vietnamese herbs, and a lip-smacking sweet chili sauce. In Bun Cha Hanoi, the meat is served apart from the noodles. How to enjoy it? Pick up some bun with your chopsticks dunk them into the savory dipping sauce then mix everything together - let all its flavors burst in your mouth!
 
**Extra Sauce won't be given with the note.
 (If you require cutlery set, please sel""Add on Cutlery Set"", it won't be given with the note).
",$17.50 ,https://stream.quickposhub.com/8801c4db5e3a4e05a7680eb1cd2f5f0c.png,
80,BX01.Banh Xeo BOX,BX01,Hamilton,CHEF'S SPECIAL,"Shrimp, Pork Belly, Rice Flour, Turmeric Powder, Coconut Milk, Water, Bean Sprouts, Cucumbers, Herbs, Pickled Carrots, Daikon, Rice Paper, Rice Noodles, Lettuce, Dipping Sauce.","Delicious Vietnamese Crepe with Shrimp and Pork Belly.   All Banh Xeo boxes come with 1 Banh Xeo, 2 Spring Rolls, Rice Noodles, Bean Sprouts, Cucumbers, Herbs, Pickled Carrots + Daikon, 2 Dipping sauces and Lettuce to wrap it all i",$25.99 ,https://stream.quickposhub.com/8504e3e2bcc3477b8670f17e81e4d9d2.jpg,https://cloud.quickposhub.com/onlineorder/#/pages/order/index?hotelid=102503&fc=up
81,X20L. Tilapia (Tomato Sauce),X20L,Hamilton,CHEF'S SPECIAL,Tilapia fillet / Tomato sauce / Onions / Bell peppers / Garlic / Olive oil / Salt / Black pepper,"Tilapia, Vegetable and Tomato Sauce",$17.95 ,https://stream.quickposhub.com/5d041c4f40e149ce8e31bfe2d8a9f620.png,https://cloud.quickposhub.com/onlineorder/#/pages/order/index?hotelid=102503&fc=up
82,X23L.Sweet&Sour FISH,X23L,Hamilton,CHEF'S SPECIAL,Basa Fillet / Pineapple / Red Pepper / Green Pepper,"Basa Fillet, Pineapple, Red Pepper, Green Pepper",$19.50 ,https://stream.quickposhub.com/f6a1dc71ea384eb78626ab7026391bf1.png,
83,BX02.VEGE Banh Xeo BOX,BX02,Hamilton,CHEF'S SPECIAL,Tofu / Mushrooms / Rice flour / Coconut milk / Turmeric powder / Green onions / Bean sprouts / Cucumbers / Herbs / Pickled carrots / Daikon / Lettuce / Rice noodles / Spring roll wrappers / Dipping sauces,"Delicious Vietnamese Vegetarian Crepe with Tofu and Mushrooms.   All Banh Xeo boxes come with 1 Banh Xeo, 2 Spring Rolls, Rice Noodles, Bean Sprouts, Cucumbers, Herbs, Pickled Carrots + Daikon, 2 Dipping sauces and Lettuce to wrap it all i",$25.99 ,https://stream.quickposhub.com/8f8da53e08674818bcf90c71e9749070.jpg,https://cloud.quickposhub.com/onlineorder/#/pages/order/index?hotelid=102503&fc=up
84,X22L.Sweet Sour Soup,X22L,Hamilton,CHEF'S SPECIAL,tamarind broth / fish or shrimp / bean sprouts / tomato / okra / sweet pineapple,"Experience an explosion of exotic flavor with the tantalizing Canh chua! Originating in Vietnam's Mekong Delta, this delectable sweet & sour soup is a perfect blend of tamarind broth and crunchy veggies like bean sprouts, tomato, okra and sweet pineapple. Enjoy this soup with your choice of either fish or shrimp.
 
**Extra Sauce won't be given with the note.
 (If you require cutlery set, please select ""Add on Cutlery Set"", it won't be given with the note).
",$22.50 ,https://stream.quickposhub.com/57eb098e8ece415387f96b81ccdb8486.png,https://cloud.quickposhub.com/onlineorder/#/pages/order/index?hotelid=102503&fc=up
85,B02L.Vermicelli in Tomato Soup,B02L,Hamilton,CHEF'S SPECIAL,Vermicelli noodles / Tomato broth / Pork / Vietnamese sausage / Pork blood jelly cubes / Fried tofu chunks.,"Treat your taste buds to a tantalizing experience with this unique Vietnamese classic! Our Vermicelli Noodle soup is served in an exquisite tomato broth and deliciously enriched with robust layers of pork, mouth-watering Vietnamese sausage, luscious pork blood jelly cubes, and fried tofu chunks . An unforgettable introduction into genuine Vietnamese cuisine awaits you!
 
**Extra Sauce won't be given with the note.
 (If you require cutlery set, please select ""Add on Cutlery Set"", it won't be given with the note) .
",$17.50 ,https://stream.quickposhub.com/eb769bdc4f404e9da61e29243832e898.png,
86,B01L.SPICY Vermicelli in Soup,B01L,Hamilton,CHEF'S SPECIAL,beef slices/ pork/ rice vermicelli noodles/ lemongrass/ fresh herbs/ bean sprouts/ lime juice,"Experience the vibrant flavors of Central Vietnam with Toronto Pho's signature Bún Bò Huế. This hearty and aromatic soup features tender slices of beef, succulent pork, and rice vermicelli noodles immersed in a rich, spicy lemongrass broth. Garnished with fresh herbs, bean sprouts, and a squeeze of lime, this traditional dish is sure to tantalize your taste buds and transport you to the bustling streets of Huế. Indulge in the authentic flavors and cultural heritage of Vietnam with every spoonful of our Bún Bò Huế.
 
**Extra Sauce won 't be given with the note.
 (If you require cutlery set, plea""Add on Cutlery Set"", it won't be given with the note).
",$17.50 ,https://stream.quickposhub.com/fa69bab9496948d79af22e517de5c824.png,https://cloud.quickposhub.com/onlineorder/#/pages/order/index?hotelid=102503&fc=up
87,H01.(RiceNoodle) Special,H01,Hamilton,CHICKEN/PORK BROTH,Rice Noodle / pork liver / heart / squid / shrimp / fish ball / wonton / quail egg.,"Rice Noodle, pork liver, heart, squid, shrimp, fish ball, wonton, quail egg.",$16.95 ,https://stream.quickposhub.com/0c98f10787a44396bd182d565bd72bd8.png,https://cloud.quickposhub.com/onlineorder/#/pages/order/index?hotelid=102503&fc=up
88,E02.(EggNoodle) Seafood,E02,Hamilton,CHICKEN/PORK BROTH,squid / shrimp / fish ball / wonton,"Egg Noodle, Squid, shrimp, fish ball, wonton",$16.95 ,https://stream.quickposhub.com/a555ca269d0b4abf83fc076260806440.png,https://cloud.quickposhub.com/onlineorder/#/pages/order/index?hotelid=102503&fc=up
89,A15.Wonton SOUP,A15,Hamilton,CHICKEN/PORK BROTH,Shrimp Wonton / Fried Onion.,"Shrimp Wonton, Fried Onion",$13.65 ,https://stream.quickposhub.com/6c80697823a04175ba7718eadad3aee6.png,https://cloud.quickposhub.com/onlineorder/#/pages/order/index?hotelid=102503&fc=up
90,H03.(RiceNoodle) Seafood,H03,Hamilton,CHICKEN/PORK BROTH,Squid / shrimp / fish ball / wonton,"Rice Noodle, Squid, shrimp, fish ball, wonton.",$16.95 ,https://stream.quickposhub.com/4ac0e6562a0b4b12b4d1722f7c56cad2.png,https://cloud.quickposhub.com/onlineorder/#/pages/order/index?hotelid=102503&fc=up
91,E03. EggNoodle+ Wonton,E03,Hamilton,CHICKEN/PORK BROTH,Egg noodle/ Wonton/ Shrimp/ BBQ pork.,"Egg Noodle, Shrimp wonton, BBQ pork",$16.95 ,https://stream.quickposhub.com/8c4c17f2bc7b40199397a41757de1c65.png,https://cloud.quickposhub.com/onlineorder/#/pages/order/index?hotelid=102503&fc=up
92,E01.(EggNoodle) Special,E01,Hamilton,CHICKEN/PORK BROTH,Egg noodle / pork liver / pork heart / squid / shrimp / fish ball / wonton / quail egg,"Egg noodle, pork liver, heart, squid, shrimp, fish ball, wonton, quail egg",$16.95 ,https://stream.quickposhub.com/6ae77288f82e481da1dfce04228fb51c.png,https://cloud.quickposhub.com/onlineorder/#/pages/order/index?hotelid=102503&fc=up
93,802.Icy Cold,802,Hamilton,DESSERTS,ice cubes / cold water / syrup / flavoring,,$13.50 ,https://stream.quickposhub.com/6ea8ae6ced684709817f972afe1836bc.jpg,https://cloud.quickposhub.com/onlineorder/#/pages/order/index?hotelid=102503&fc=up
94,803.All Stars,803,Hamilton,DESSERTS,ground beef / smoked bacon / melted cheddar cheese / lettuce / tomato / pickles / red onion / special sauce / brioche bun,,$13.50 ,https://stream.quickposhub.com/6eb36ac133514764bed70db03354a0ce.jpg,https://cloud.quickposhub.com/onlineorder/#/pages/order/index?hotelid=102503&fc=up
95,801.Taiwanese,801,Hamilton,DESSERTS,beef broth/soy sauce/rice wine/vinegar/sesame oil/sugar/garlic/ginger/beef slices/noodles/bok choy/green onions/egg.,,$13.50 ,https://stream.quickposhub.com/91964641070a420b8bff86cdfbce6708.jpg,https://cloud.quickposhub.com/onlineorder/#/pages/order/index?hotelid=102503&fc=up
96,401.Leche Flan,401,Hamilton,DESSERTS,egg yolks/sugar/evaporated milk/vanilla extract.,,$4.75 ,https://stream.quickposhub.com/8df00c5e5d034fb5a5825881dadcd659.jpg,https://cloud.quickposhub.com/onlineorder/#/pages/order/index?hotelid=102503&fc=up
97,1501.Dinner Set A,1501,Hamilton,PLATTER,"Beef Tenderloin, Roasted Potatoes, Grilled Asparagus, Mixed Green Salad, and Chocolate Cake for dessert.",All platters feed 4-5 people,$65.00 ,https://stream.quickposhub.com/5d44a80ad2b7465f8a4c5d64847e0827.jpg,https://cloud.quickposhub.com/onlineorder/#/pages/order/index?hotelid=102503&fc=up
98,PL04. Mango Salad PLATTER,PL04,Hamilton,PLATTER,"mixed greens, ripe mango slices, red onion, cherry tomatoes, roasted cashews, dried cranberries, and balsamic vinaigrette dressing.",All platters feed 4-5 people,$60.00 ,https://stream.quickposhub.com/b1fbd27698504338ac2557d4af21452b.jpeg,https://cloud.quickposhub.com/onlineorder/#/pages/order/index?hotelid=102503&fc=up
99,PL05.Papaya Salad PLATTER,PL05,Hamilton,PLATTER,"shredded green papaya, carrots, cherry tomatoes, peanuts, lime juice, fish sauce, palm sugar, garlic, Thai chili peppers, and cilantro.",All platters feed 4-5 people,$65.00 ,https://stream.quickposhub.com/39738ac97809443e8eb9ce5705427446.jpeg,https://cloud.quickposhub.com/onlineorder/#/pages/order/index?hotelid=102503&fc=up
100,PL22.SOFT Noodle PLATTER,PL22,Hamilton,PLATTER,"soft noodles, vegetables, choice of protein, special sauce /",All platters feed 4-5 people,$65.00 ,https://stream.quickposhub.com/a4e7c96249924928b08292fcb3c6e25f.jpg,https://cloud.quickposhub.com/onlineorder/#/pages/order/index?hotelid=102503&fc=up
101,PL09. Fried Rice PLATTER,PL09,Hamilton,PLATTER,"cooked rice / vegetables (such as carrots, peas, and corn) / eggs / chicken / soy sauce / sesame oil / garlic / ginger / scallions / salt / pepper.",All platters feed 4-5 people,$65.00 ,https://stream.quickposhub.com/4bf9ec6925824c34a5e386bb5bc651fe.jpeg,https://cloud.quickposhub.com/onlineorder/#/pages/order/index?hotelid=102503&fc=up
102,PL01.Chicken Wing PLATTER,PL01,Hamilton,PLATTER,"chicken wings, seasoning, sauce, vegetables, and dipping sauces.",All platters feed 4-5 people,$60.00 ,https://stream.quickposhub.com/c2d98c7f059e4448b7e0133837f69a37.jpeg,https://cloud.quickposhub.com/onlineorder/#/pages/order/index?hotelid=102503&fc=up
103,PL03.Spring Rolls PLATTER (20),PL03,Hamilton,PLATTER,ground pork / shrimp / garlic / shallots / carrots / bean sprouts / vermicelli noodles / rice paper / sweet chili sauce.,All platters feed 4-5 people,$60.00 ,https://stream.quickposhub.com/73004ddd4bc04a43970f8ec21a29c967.jpeg,https://cloud.quickposhub.com/onlineorder/#/pages/order/index?hotelid=102503&fc=up
104,PL21. PHO Platter,PL21,Hamilton,PLATTER, / rice noodles / beef broth / sliced beef / beef meatballs / bean sprouts / Thai basil / lime / hoisin sauce / sriracha / jalapenos,All platters feed 4-5 people,$70.00 ,https://stream.quickposhub.com/dd1870b9caeb4af1a1da0ff22721ce6a.png,https://cloud.quickposhub.com/onlineorder/#/pages/order/index?hotelid=102503&fc=up
105,PL08. Padthai PLATTER,PL08,Hamilton,PLATTER,rice noodles/ tofu/ peanuts/ bean sprouts/ scallions/ eggs/ tamarind sauce/ garlic/ chili/ lime.,All platters feed 4-5 people,$65.00 ,https://stream.quickposhub.com/01203617eef4457783e9c80e5f6b9e40.jpeg,https://cloud.quickposhub.com/onlineorder/#/pages/order/index?hotelid=102503&fc=up
106,PL02. Fresh Roll PLATTER (10),PL02,Hamilton,PLATTER,Rice paper / Vermicelli noodles / Lettuce / Cilantro / Thai basil / Carrots / Cucumbers / Shrimp / Rice paper / Peanut sauce.,All platters feed 4-5 people,$40.00 ,https://stream.quickposhub.com/9ab1b52ce16044a8b5bc64d09d7c7d48.jpeg,https://cloud.quickposhub.com/onlineorder/#/pages/order/index?hotelid=102503&fc=up
107,PL23. Crispy Noodle PLATTER,PL23,Hamilton,PLATTER,crispy noodles / assorted vegetables / choice of protein / savory sauce.,All platters feed 4-5 people,$65.00 ,https://stream.quickposhub.com/da0720baa27f434494034c0b1737f5c2.jpg,https://cloud.quickposhub.com/onlineorder/#/pages/order/index?hotelid=102503&fc=up
108,1502.Dinner Set B,1502,Hamilton,PLATTER,Roast beef tenderloin / Garlic mashed potatoes / Seasonal vegetables / Yorkshire pudding / Red wine jus,All platters feed 4-5 people,$105.00 ,https://stream.quickposhub.com/f32e4c533eb24887a28ee7fbaafe0e6f.jpg,https://cloud.quickposhub.com/onlineorder/#/pages/order/index?hotelid=102503&fc=up
109,R14L.(RICE)Pork+Chick+Crab+Egg,R14L,Hamilton,RICE DISH, Pork/Chicken/Crab/Egg/Steamed Rice/Cabbage/Carrot Pickle/Green Onion/Fish Sauce.,"Served with Steamed Rice, Cabbage and Carrot Pickle, Green Onion and Fish Sauce.
 **Extra Sauce won't be given with the note.
 (If you require cutlery set, please select ""Add on Cutlery Set"", it won't be given with the note).",$18.50 ,https://stream.quickposhub.com/b7197f552d824d9b989445714a25e744.jpg,https://cloud.quickposhub.com/onlineorder/#/pages/order/index?hotelid=102503&fc=up
110,R01L.(RICE) Porkchop,R01L,Hamilton,RICE DISH,Porkchop/Steamed Rice/Cabbage/Carrot Pickle/Green Onion/Fish Sauce.,"Served with Steamed Rice, Cabbage and Carrot Pickle, Green Onion and Fish Sauce.
 **Extra Sauce won't be given with the note.
 (If you require cutlery set, please select ""Add on Cutlery Set"", it won't be given with the note).",$16.95 ,https://stream.quickposhub.com/045d6b5000914cbfbe1b76f00715398b.jpg,https://cloud.quickposhub.com/onlineorder/#/pages/order/index?hotelid=102503&fc=up
111,R12L.(RICE)Pork+Chick+Crabmeat,R12L,Hamilton,RICE DISH,/ Pork / Chicken / Crabmeat / Steamed Rice / Cabbage / Carrot / Green Onion / Fish Sauce,"Served with Steamed Rice, Cabbage and Carrot Pickle, Green Onion and Fish Sauce.
 **Extra Sauce won't be given with the note.
 (If you require cutlery set, please select ""Add on Cutlery Set"", it won't be given with the note).",$17.50 ,https://stream.quickposhub.com/e6a5760c8def434eb1a65fdb30a0acb3.jpg,https://cloud.quickposhub.com/onlineorder/#/pages/order/index?hotelid=102503&fc=up
112,R11L.(RICE)Pork+Chick+Egg,R11L,Hamilton,RICE DISH,Pork / Chicken / Egg / Steamed Rice / Cabbage / Carrot Pickle / Green Onion / Fish Sauce.,"Served with Steamed Rice, Cabbage and Carrot Pickle, Green Onion and Fish Sauce.
 **Extra Sauce won't be given with the note.
 (If you require cutlery set, please select ""Add on Cutlery Set"", it won't be given with the note).",$17.50 ,https://stream.quickposhub.com/e1d3e3568164492f93d3bb25e4235c36.jpg,https://cloud.quickposhub.com/onlineorder/#/pages/order/index?hotelid=102503&fc=up
113,R06L.(RICE) Porkchop+Beef,R06L,Hamilton,RICE DISH," Porkchop, Beef, Steamed Rice, Cabbage, Carrot Pickle, Green Onion, Fish Sauce","Served with Steamed Rice, Cabbage and Carrot Pickle, Green Onion and Fish Sauce.
 **Extra Sauce won't be given with the note.
 (If you require cutlery set, please select ""Add on Cutlery Set"", it won't be given with the note).",$16.95 ,https://stream.quickposhub.com/03b1873fc172410b81e9d379a33543cf.jpg,https://cloud.quickposhub.com/onlineorder/#/pages/order/index?hotelid=102503&fc=up
114,R03L.(RICE) Beef,R03L,Hamilton,RICE DISH,Beef / Steamed Rice / Cabbage / Carrot / Pickle / Green Onion / Fish Sauce.,"Served with Steamed Rice, Cabbage and Carrot Pickle, Green Onion and Fish Sauce.
 **Extra Sauce won't be given with the note.
 (If you require cutlery set, please select ""Add on Cutlery Set"", it won't be given with the note).",$16.95 ,https://stream.quickposhub.com/7b3c43ac33484cf996775467002cabf6.jpg,https://cloud.quickposhub.com/onlineorder/#/pages/order/index?hotelid=102503&fc=up
115,R02L.(RICE) Chicken,R02L,Hamilton,RICE DISH,"Chicken, Steamed Rice, Cabbage, Carrot, Green Onion, Fish Sauce.","Served with Steamed Rice, Cabbage and Carrot Pickle, Green Onion and Fish Sauce.
 **Extra Sauce won't be given with the note.
 (If you require cutlery set, please select ""Add on Cutlery Set"", it won't be given with the note).",$16.95 ,https://stream.quickposhub.com/0456b8f7743b46a78bcd64e91c8b4a61.jpg,https://cloud.quickposhub.com/onlineorder/#/pages/order/index?hotelid=102503&fc=up
116,R04L.(RICE) Grilled Pork,R04L,Hamilton,RICE DISH,"Grilled Pork, Steamed Rice, Cabbage, Carrot, Green Onion, Fish Sauce.","Served with Steamed Rice, Cabbage and Carrot Pickle, Green Onion and Fish Sauce.
 **Extra Sauce won't be given with the note.
 (If you require cutlery set, please select ""Add on Cutlery Set"", it won't be given with the note).",$16.95 ,https://stream.quickposhub.com/466e6dba9c1242e880e520c3c2a1e17a.jpg,https://cloud.quickposhub.com/onlineorder/#/pages/order/index?hotelid=102503&fc=up
117,R13L.(RICE)Beef+Chick+Crabmeat,R13L,Hamilton,RICE DISH,Beef / Chicken / Crabmeat / Steamed Rice / Cabbage / Carrot Pickle / Green Onion / Fish Sauce,"Served with Steamed Rice, Cabbage and Carrot Pickle, Green Onion and Fish Sauce.
 **Extra Sauce won't be given with the note.
 (If you require cutlery set, please select ""Add on Cutlery Set"", it won't be given with the note).",$17.50 ,https://stream.quickposhub.com/9dffa870daec41b78005ec0a8d16ff00.jpg,https://cloud.quickposhub.com/onlineorder/#/pages/order/index?hotelid=102503&fc=up
118,R05L.(RICE) Porkchop+Chicken,R05L,Hamilton,RICE DISH,"Porkchop, Chicken, Steamed Rice, Cabbage, Carrot, Green Onion, Fish Sauce","Served with Steamed Rice, Cabbage and Carrot Pickle, Green Onion and Fish Sauce.
 **Extra Sauce won't be given with the note.
 (If you require cutlery set, please select ""Add on Cutlery Set"", it won't be given with the note).",$16.95 ,https://stream.quickposhub.com/d039e985477d481f9370b83d96f695b0.jpg,https://cloud.quickposhub.com/onlineorder/#/pages/order/index?hotelid=102503&fc=up
119,S01L.Papaya Salad w/BeefJerky,S01L,Hamilton,SALAD,Green Shredded Papaya / Carrots / House Sauce / Beef Jerky,"Our signature Papaya Salad is a must-try! We have taken this classic Vietnamese dish to another level. Get ready for an explosion of flavor with the sweet and tangy medley of Green Shredded Papaya, Carrots, our homemade House Sauce and freshly made Beef Jerky . Let your taste buds be tantalized by this distinctive flavor and texture combination!
 
**Extra Sauce won't be given with the note.
 (If you require cutlery set, please select ""Add on Cutlery Set"", it won't be given with the note).
",$16.50 ,https://stream.quickposhub.com/c3b850a98f0642e19a176879eb9c6815.png,https://cloud.quickposhub.com/onlineorder/#/pages/order/index?hotelid=102503&fc=up
120,S02L.Mango SALAD (Shrimp),S02L,Hamilton,SALAD,mangoes / shrimp / cashews / red peppers / green peppers / avocado.,"Toronto Pho's Mango Salad is bursting with flavor and texture! Enjoy the perfect combination of juicy mangoes, succulent shrimp, crunchy cashews, sweet red peppers, zesty green peppers, and creamy avocado. This dish is sure to tantalize your taste buds! Try it today – you won't regret it!
  
**Extra Sauce won't be given with the note.
 (If you require cutlery set, please selec""Add on Cutlery Set"", it won't be given with the note).
",$16.50 ,https://stream.quickposhub.com/7972920b57624f1c8c8d01a2120179f4.png,https://cloud.quickposhub.com/onlineorder/#/pages/order/index?hotelid=102503&fc=up
121,S03L.Mango SALAD (Chicken),S03L,Hamilton,SALAD,sweet mangoes / succulent marinated chicken / crunchy cashews / red peppers / zesty kick / creamy avocado slices / green peppers,"Toronto Pho's Mango Salad is the perfect harmony of texture and flavor! With sweet mangoes, succulent marinated chicken, crunchy cashews, red peppers with a zesty kick, creamy avocado slices and green peppers – this dish will undoubtedly win you over. The perfect side dish or appetizer.  
 
**Extra Sauce won't be given with the note.
 (If you require cutlery set, please sele""Add on Cutlery Set"", it won't be given with the note).
",$16.50 ,https://stream.quickposhub.com/683eacd62221446389973f1ec86244d5.png,https://cloud.quickposhub.com/onlineorder/#/pages/order/index?hotelid=102503&fc=up
122,S04L.Mango SALAD (Tofu),S04L,Hamilton,SALAD,Mangoes/ Tofu/ Cashews/ Red peppers/ Avocado/ Green peppers.,"Toronto Pho's Mango Salad is the ultimate combination of deliciousness and freshness! The sweet tangy mangoes, fried tofu chunks, crunchy cashews, zesty red peppers, creamy avocado slices and green peppers – this dish will leave you wanting more. Can be enjouyed as a side or an appetizer to tantalize your taste buds!  
 
**Extra Sauce won't be given with the note.
 (If you require cutlery set, please sele""Add on Cutlery Set"", it won't be given with the note).
",$16.50 ,https://stream.quickposhub.com/04c84e86b03441be8b06b624b130d77e.png,https://cloud.quickposhub.com/onlineorder/#/pages/order/index?hotelid=102503&fc=up
123,221.Durian,221,Hamilton,SMOOTHIES,"Durian pulp, sugar, cream, egg yolks, butter, flour, milk, vanilla extract, salt.",,$7.25 ,https://stream.quickposhub.com/5517a3e3adb642cb8ae0535272afaad4.jpg,https://cloud.quickposhub.com/onlineorder/#/pages/order/index?hotelid=102503&fc=up
124,250.Tropical,250,Hamilton,SMOOTHIES,pineapple / mango / coconut milk / bananas / oranges / honey.,,$6.50 ,https://stream.quickposhub.com/c98d11868a83433b9f08e52080882335.jpg,https://cloud.quickposhub.com/onlineorder/#/pages/order/index?hotelid=102503&fc=up
125,220.Mango,220,Hamilton,SMOOTHIES," mango, ice, milk, sugar / lime juice, mint leaves",,$6.50 ,https://stream.quickposhub.com/68141b44885247d0a0724f34868132d0.jpg,https://cloud.quickposhub.com/onlineorder/#/pages/order/index?hotelid=102503&fc=up
126,219.Jackfruit,219,Hamilton,SMOOTHIES,"jackfruit, spices, herbs, and seasonings.",,$6.50 ,https://stream.quickposhub.com/3220326aea32443590a0052173f676b2.jpg,https://cloud.quickposhub.com/onlineorder/#/pages/order/index?hotelid=102503&fc=up
127,222.Avocado,222,Hamilton,SMOOTHIES,avocado / lime juice / salt / black pepper / garlic / red onion / cilantro.,,$7.25 ,https://stream.quickposhub.com/d4751e5890c146c3bd5bfd7962bb0533.jpg,https://cloud.quickposhub.com/onlineorder/#/pages/order/index?hotelid=102503&fc=up
128,252.MangoSunshine,252,Hamilton,SMOOTHIES,"mango juice, pineapple juice, coconut milk, agave syrup, and ice.",,$6.50 ,https://stream.quickposhub.com/ddc65215194e46089eeb99c75e83972b.jpg,https://cloud.quickposhub.com/onlineorder/#/pages/order/index?hotelid=102503&fc=up
129,223.Coconut,223,Hamilton,SMOOTHIES, coconut milk / shredded coconut / coconut sugar / coconut oil / coconut water.,,$6.50 ,https://stream.quickposhub.com/96b6c98557ea4a759c1a636e3b4f2c4d.jpg,https://cloud.quickposhub.com/onlineorder/#/pages/order/index?hotelid=102503&fc=up
130,224.Vanilla,224,Hamilton,SMOOTHIES,"vanilla beans, alcohol, water, sugar, and optionally glycerin/acid.",,$6.50 ,https://stream.quickposhub.com/e46bf360224e47d385676e7f6b02dac4.jpg,https://cloud.quickposhub.com/onlineorder/#/pages/order/index?hotelid=102503&fc=up
131,227.Strawberry,227,Hamilton,SMOOTHIES, strawberries / sugar / water / citric acid,,$6.50 ,https://stream.quickposhub.com/0d177d3140454bd3b67451f30673d563.jpg,https://cloud.quickposhub.com/onlineorder/#/pages/order/index?hotelid=102503&fc=up
132,251.C&C,251,Hamilton,SMOOTHIES,"beef, onions, mushrooms, bell peppers, tomato sauce, soy sauce, and rice noodles.",,$6.50 ,https://stream.quickposhub.com/ac5f274676724e5e86c9a577839cccf0.jpg,https://cloud.quickposhub.com/onlineorder/#/pages/order/index?hotelid=102503&fc=up
133,225.Matcha,225,Hamilton,SMOOTHIES,matcha powder / milk / sweetener / ice,,$6.50 ,https://stream.quickposhub.com/7a334e8b54614dfc8fd7e4e98487cff4.jpg,https://cloud.quickposhub.com/onlineorder/#/pages/order/index?hotelid=102503&fc=up
134,253.Hurrican,253,Hamilton,SMOOTHIES,rum/ passion fruit juice/ orange juice/ grenadine/ lime juice,,$6.50 ,https://stream.quickposhub.com/a96b32b8d3b74cc89aa4ba0271e7ae87.jpg,https://cloud.quickposhub.com/onlineorder/#/pages/order/index?hotelid=102503&fc=up
135,X16L. Sizzling SHRIMP,X16L,Hamilton,STIR FRIED,shrimp/vegetables/sauce/butter/oil/spices/herbs/seasonings.,"Shrimp and Vegetable on Sizzling Plate.
 **Extra Sauce won't be given with the note.
 (If you require cutlery set, please select ""Add on Cutlery Set"", it won't be given with the note).",$18.95 ,https://stream.quickposhub.com/89c8b6f8573343dcae6db257e6b6f95a.png,https://cloud.quickposhub.com/onlineorder/#/pages/order/index?hotelid=102503&fc=up
136,X17L. Chicken LemonGrass,X17L,Hamilton,STIR FRIED,"Chicken, Lemongrass, Steamed Rice.","Chicken, Lemongrass served with Steamed Rice
 **Extra Sauce won't be given with the note.
 (If you require cutlery set, please select ""Add on Cutlery Set"", it won't be given with the note).
",$17.50 ,https://stream.quickposhub.com/29ac8f50079a45fcbc26533b46d7322e.png,https://cloud.quickposhub.com/onlineorder/#/pages/order/index?hotelid=102503&fc=up
137,F10L.CRISPY Egg (SEAFOOD),F10L,Hamilton,STIR FRIED,"crispy egg, seafood, egg noodle, seasonal vegetables, baby corn.","CRISPY egg noodle, seafood, seasonal vegetable, baby corn.
 **Extra Sauce won't be given with the note.
 (If you require cutlery set, please select ""Add on Cutlery Set"", it won't be given with the note ).",$17.75 ,https://stream.quickposhub.com/c055273dfc574f53a14b403504d8beaa.png,https://cloud.quickposhub.com/onlineorder/#/pages/order/index?hotelid=102503&fc=up
138,F08L.SOFT EggNoodle (SEAFOOD),F08L,Hamilton,STIR FRIED,SOFT egg noodle / seafood / seasonal vegetable / baby corn.,"SOFT egg noodle, seafood, seasonal vegetable, baby corn.
 **Extra Sauce won't be given with the note.
 (If you require cutlery set, please select ""Add on Cutlery Set"", it won't be given with the note ).",$17.75 ,https://stream.quickposhub.com/20abebbd7b204902b603dbdba20f96c9.png,https://cloud.quickposhub.com/onlineorder/#/pages/order/index?hotelid=102503&fc=up
139,R18L.COMBINATION Fried Rice,R18L,Hamilton,STIR FRIED,chicken / shrimp / pork / sausage / peas / carrot / egg,"Chicken, shrimp, pork, sausage, peas, carrot, egg.
 **Extra Sauce won't be given with the note.
 (If you require cutlery set, please select ""Add on Cutlery Set"", it won't be given with the note).",$17.75 ,https://stream.quickposhub.com/b18228685a3a4b8780f5f99ad8e88def.png,https://cloud.quickposhub.com/onlineorder/#/pages/order/index?hotelid=102503&fc=up
140,X03L.SF (Seafood) Rice,X03L,Hamilton,STIR FRIED,assorted seafoods / rice / vegetables,"Vegetable, assorted seafoods.
 **Extra Sauce won't be given with the note.
 (If you require cutlery set, please select ""Add on Cutlery Set"", it won't be given with the note).
",$17.75 ,https://stream.quickposhub.com/ed79cc2fa62643f2bccdbba8a3c64430.png,https://cloud.quickposhub.com/onlineorder/#/pages/order/index?hotelid=102503&fc=up
141,X15L. Sizzling BEEF,X15L,Hamilton,STIR FRIED,"beef, bell peppers, onions, garlic, soy sauce, oyster sauce, salt, pepper, cooking oil / cornstarch, water.",Beef and Vegetable on Sizzling Plate,$18.95 ,https://stream.quickposhub.com/bed92a9d6b5c462eaa7dcf03fab83552.png,https://cloud.quickposhub.com/onlineorder/#/pages/order/index?hotelid=102503&fc=up
142,X14L.SF (SHRIMP) w/Cashew,X14L.,Hamilton,STIR FRIED,Shrimp / Vegetable / Cashews,"Shrimp, Vegetable and Cashews.
 **Extra Sauce won't be given with the note.
 (If you require cutlery set, please select ""Add on Cutlery Set"", it won't be given with the note).
",$17.75 ,https://stream.quickposhub.com/e540a9f11c1e4c3182af785efabc75d7.png,https://cloud.quickposhub.com/onlineorder/#/pages/order/index?hotelid=102503&fc=up
143,F02L. SHRIMP PadThai,F02L,Hamilton,STIR FRIED, succulent shrimp/crunchy fried tofu bites/fried egg/chewy rice noodles/sautéed white onions/homemade Pad Thai sauc,"Are you ready to experience the unforgettable taste of Toronto Pho's Famous Shrimp Pad Thai dish? This classic recipe has been taken to mouthwatering new heights with succulent shrimp, crunchy fried tofu bites, fried egg and chewy rice noodles combined with sautéed white onions in a fragrant , secret, homemade Pad Thai sauce. Bite into a little burst of spice and flavor that will have you asking for more! Our recipe is unlike any other – the perfect combination of tastes and textures. Leave it up to us to make this timeless dish like nothing you've ever experienced before. Try our famous Shrimp Pad Thai today and have your taste buds thanking you later! 
 
**Extra Sauce won't be given with the note.
 (If you require cutlery set, please sele""Add on Cutlery Set"", it won't be given with the note).",$17.75 ,https://stream.quickposhub.com/e962734cdf5a4c2592f6ed04ea2f1ed8.png,https://cloud.quickposhub.com/onlineorder/#/pages/order/index?hotelid=102503&fc=up
144,R15L.CHICKEN Fried Rice,R15L,Hamilton,STIR FRIED, Chicken / Peas / Carrots / Egg,"Chicken, Peas, Carrots, Egg.
 **Extra Sauce won't be given with the note.
 (If you require cutlery set, please select ""Add on Cutlery Set"", it won't be given with the note).",$17.75 ,https://stream.quickposhub.com/bdd007a2d6d243aba16cec6b4e5700de.png,https://cloud.quickposhub.com/onlineorder/#/pages/order/index?hotelid=102503&fc=up
145,F04L.SF Rice Noodle (BEEF),F04L,Hamilton,STIR FRIED,beef / stir fry sauce / seasonal vegetables / baby corn / thick cut flat rice noodles.,"Our Stir Fried Rice Noodle with Beef is a savory, satisfying dish. Succulent beef mixed in savory stir fry sauce and combined with crunchy seasonal vegetables - including baby corn on top of thick cut flat rice noodles – makes it unforgettable! **
 
Extra Sauce won 't be given with the note.
 (If you require cutlery set, please selec""Add on Cutlery Set"", it won't be given with the note).",$17.75 ,https://stream.quickposhub.com/863991c8454b4667abac43bbc3ac1273.png,https://cloud.quickposhub.com/onlineorder/#/pages/order/index?hotelid=102503&fc=up
146,X13L.SF (CHICKEN) w/Cashew,X13L,Hamilton,STIR FRIED,chicken / cashews / vegetables / extra sauce,"Chicken, Vegetable and Cashews.
 **Extra Sauce won't be given with the note.
 (If you require cutlery set, please select ""Add on Cutlery Set"", it won't be given with the note).
",$17.75 ,https://stream.quickposhub.com/a84d432f8df04359854bb03aa4291ac0.png,https://cloud.quickposhub.com/onlineorder/#/pages/order/index?hotelid=102503&fc=up
147,F06L.SF Rice Noodle (SEAFOOD),F06L,Hamilton,STIR FRIED,squid/shrimp/imitation crab/mussels/fish balls/seasonal vegetables/baby corn/thick cut flat rice noodles/signature savory sauce,"Treat your seafood-loving taste buds to Toronto Pho's Stir Fried Rice Noodle Delight! This tantalizing dish features succulent pieces of squid, juicy shrimp, deliciously sweet imitation crab and flavor-packed muscles plus fish balls presented atop crisply stir fried seasonal vegetables. To finish it off? Baby corn nestled onto a bed of sumptuous thick cut flat rice noodles smothered in our signature savory sauce. *Please note: Seafood ingredients are subject to seasonality.
 
**Extra Sauce won't be given with the note.
 (If you require cutlery set, please select ""Add on Cutlery Set"", it won't be given with the note).",$17.75 ,https://stream.quickposhub.com/393c1ea73a804b1d9ef99daaccfea519.png,https://cloud.quickposhub.com/onlineorder/#/pages/order/index?hotelid=102503&fc=up
148,F07L. SOFT Egg (MEAT+SEAFOOD),F07L.,Hamilton,STIR FRIED,soft egg noodle / beef / chicken / pork / seafood / seasonal vegetable / baby corn,"SOFT egg noodle, beef, chicken, pork, seafood, seasonal vegetable, baby corn.
 **Extra Sauce won't be given with the note.
 (If you require cutlery set, please select ""Add on Cutlery Set"", it won' t be given with the note).",$17.75 ,https://stream.quickposhub.com/d2e2963aca7e4b7d9eaff3a376af9261.png,https://cloud.quickposhub.com/onlineorder/#/pages/order/index?hotelid=102503&fc=up
149,X01L.SF Cube Beef,X01L,Hamilton,STIR FRIED,Beef / Red pepper / Green pepper / Onion / Vegetable oil,"Beef, red/green pepper, onion, vegetable
",$17.75 ,https://stream.quickposhub.com/cb5bf305e92f48e9953061ddaddf53f1.png,https://cloud.quickposhub.com/onlineorder/#/pages/order/index?hotelid=102503&fc=up
150,F01L.CHICKEN PadThai,F01L,Hamilton,STIR FRIED,"chicken, tofu, rice noodles, fried egg, white onions, crushed peanuts, secret Pad Thai sauce.","Toronto Pho's Famous Pad Thai – the delicious dish that packs a flavorful punch! Our take on this classic recipe is unlike any other, with succulent chicken and crunchy fried tofu bites, fried egg combined with chewy rice noodles, sautéed white onions, and topped with crushed peanuts to create an irresistible combination of tastes. But the star of this dish is our in-house secret Pad Thai sauce – fragrant and made from scratch. Every bite of this savory delight gives you a little kick of spice as well as an unforgettable burst of flavor.
 
**Extra Sauce won't be given with the note.
 (If you require cutlery set, please se""Add on Cutlery Set"", it won't be given with the note).",$17.75 ,https://stream.quickposhub.com/3fddf002bac343bbb1b7633114ebfbc1.png,https://cloud.quickposhub.com/onlineorder/#/pages/order/index?hotelid=102503&fc=up
151,F09L.CRISPY Egg (MEAT+SEAFOOD),F09L,Hamilton,STIR FRIED,"crispy egg, crispy egg noodle, beef, chicken, pork, seafood, seasonal vegetable, baby corn.","CRISPY egg noodle, beef, chicken, pork, seafood, seasonal vegetable, baby corn.
 **Extra Sauce won't be given with the note.
 (If you require cutlery set, please select ""Add on Cutlery Set"", it won' t be given with the note).",$17.75 ,https://stream.quickposhub.com/b03e7959e82e4f3ab2d7e841043b83c5.png,https://cloud.quickposhub.com/onlineorder/#/pages/order/index?hotelid=102503&fc=up
152,X02L.SF (Meat+Seafood) Rice,X02L.,Hamilton,STIR FRIED,beef / pork / chicken / seafood / rice / vegetables,"Vegetable, beef, pork, chicken, seafood",$17.75 ,https://stream.quickposhub.com/a96f1a1bb3b04726bc6d75f3f0313ff9.png,https://cloud.quickposhub.com/onlineorder/#/pages/order/index?hotelid=102503&fc=up
153,F03L. Chicken & Shrimp PadThai,F03L,Hamilton,STIR FRIED,"Chicken, shrimp, tofu, white onions, Pad Thai sauce, rice noodles, scrambled egg, peanuts.","For a truly unforgettable culinary experience, try Toronto Pho's Famous Chicken and Shrimp Pad Thai! This traditional dish is given its own delicious twist with succulent chicken and shrimp combined with crunchy fried tofu bites and sautéed white onions. All of these flavors are then topped off with our in-house secret Pad Thai sauce that creates a fragrant blend of aromas with just the right kick of spice. It all comes together on a bed of chewy rice noodles, lightly fried scrambled egg, and crushed peanuts for an added texture you won 't find anywhere else. Whether you're a fan of bold flavors or looking for something more subtle, this Chicken and Shrimp Pad Thai will have your mouth watering as soon as you take your first bite! 
 
**Extra Sauce won't be given with the note.
 (If you require cutlery set, please select""Add on Cutlery Set"", it won't be given with the note).",$17.75 ,https://stream.quickposhub.com/b0ab092c3b9547ff9a76b1a14e6a5666.png,https://cloud.quickposhub.com/onlineorder/#/pages/order/index?hotelid=102503&fc=up
154,R16L.SHRIMP Fried Rice,R16L,Hamilton,STIR FRIED,Shrimp / Peas / Carrots / Egg.,"Shrimp, Peas, Carrots, Egg.
 **Extra Sauce won't be given with the note.
 (If you require cutlery set, please select ""Add on Cutlery Set"", it won't be given with the note).
",$17.75 ,https://stream.quickposhub.com/b56b7608548a4112a51e4e3b018a6a36.png,https://cloud.quickposhub.com/onlineorder/#/pages/order/index?hotelid=102503&fc=up
155,VG05.(VEG) Pho,VG05,Hamilton,VEGETARIAN, vegetable broth/ rice noodles/ tofu/ bean sprouts/ Thai basil/ lime wedges/ hoisin sauce/ sriracha/ green onions,,$17.75 ,https://stream.quickposhub.com/deef641136604595b0349f179dbc157d.png,https://cloud.quickposhub.com/onlineorder/#/pages/order/index?hotelid=102503&fc=up
156,VG22.(VEG)Beef+Spring Roll,VG22,Hamilton,VEGETARIAN,/ mixed vegetables / soy protein / seasonings / wrap / oil.,,$16.95 ,https://stream.quickposhub.com/47aa6eba72004929961ebf8bc9ed640b.png,https://cloud.quickposhub.com/onlineorder/#/pages/order/index?hotelid=102503&fc=up
157,VG18.(VEG) Chicken Fried Rice,VG18,Hamilton,VEGETARIAN,rice / mixed vegetables / soy sauce / garlic / ginger / eggs / green onions / sesame oil,,$17.75 ,https://stream.quickposhub.com/0b73e903bee84fcd8eab20fbf15a244b.png,https://cloud.quickposhub.com/onlineorder/#/pages/order/index?hotelid=102503&fc=up
158,VG10.(VEG) SOFT Noodle,VG10,Hamilton,VEGETARIAN, soft wheat flour/ water/ salt.,,$17.75 ,https://stream.quickposhub.com/1e22522fa80f42e392226d852f1cf32e.png,https://cloud.quickposhub.com/onlineorder/#/pages/order/index?hotelid=102503&fc=up
159,VG01.(VEG) Spring Roll(4),VG01,Hamilton,VEGETARIAN,"shredded cabbage/carrots/mushrooms, vermicelli noodles, soy sauce, sesame oil, rice paper wrappers.",,$13.75 ,https://stream.quickposhub.com/dbb037ebe7a74509bfe4878ef200e13d.png,https://cloud.quickposhub.com/onlineorder/#/pages/order/index?hotelid=102503&fc=up
160,VG11.(VEG) SF Tofu + Rice,VG11,Hamilton,VEGETARIAN,chickpeas/lemongrass/coconut milk/onions/garlic/ginger/tomato paste/coconut oil/spices.,,$17.75 ,https://stream.quickposhub.com/1979fcd1c9394754b7707f5963ef7b93.jpeg,https://cloud.quickposhub.com/onlineorder/#/pages/order/index?hotelid=102503&fc=up
161,VG08.(VEG)Chicken Pho,VG08,Hamilton,VEGETARIAN,vegetable broth / rice noodles / tofu / bean sprouts / cilantro / lime / jalapeno / sriracha / hoisin sauce,,$17.75 ,https://stream.quickposhub.com/d8d86280b574436880b5b85dd941923c.png,https://cloud.quickposhub.com/onlineorder/#/pages/order/index?hotelid=102503&fc=up
162,VG07.(VEG)SPICY VermicelliSoup,VG07.,Hamilton,VEGETARIAN,vermicelli noodles/spicy broth/vegetables/tofu/seasonings/herbs.,,$17.50 ,https://stream.quickposhub.com/d80884c48b3c41ffbd1e8e75aeb4fc60.png,https://cloud.quickposhub.com/onlineorder/#/pages/order/index?hotelid=102503&fc=up
163,VG02.(ROLL) Tofu (4),VG02,Hamilton,VEGETARIAN, Tofu / Rice / Avocado / Cucumber / Carrot / Sesame Seeds / Nori Seaweed,,$17.75 ,https://stream.quickposhub.com/cfb1c4541372480aaf22ad0688ccea8a.png,https://cloud.quickposhub.com/onlineorder/#/pages/order/index?hotelid=102503&fc=up
164,VG04.(VEG)MangoSalad (TOFU),VG04,Hamilton,VEGETARIAN,mango / tofu,,$16.50 ,https://stream.quickposhub.com/dbf7987b7734462eb56577060070ffe3.png,https://cloud.quickposhub.com/onlineorder/#/pages/order/index?hotelid=102503&fc=up
165,VG21.(VEG)Chick+Spring Roll,VG21,Hamilton,VEGETARIAN,chickpeas/onions/carrots/spices/garlic/lime juice/soy sauce/rice paper/oil.,,$16.95 ,https://stream.quickposhub.com/e17120aa52de47c08586403151d062c3.png,https://cloud.quickposhub.com/onlineorder/#/pages/order/index?hotelid=102503&fc=up
166,VG19.(VEG) BEEF Fried Rice,VG19,Hamilton,VEGETARIAN,beefless beef strips/ jasmine rice/ onions/ bell peppers/ peas/ carrots/ soy sauce/ garlic/ ginger/ sesame oil.,,$17.75 ,https://stream.quickposhub.com/9c3583c33a41481da44651a7766d5ab3.png,https://cloud.quickposhub.com/onlineorder/#/pages/order/index?hotelid=102503&fc=up
167,VG20.(VEG)VermicellSpring Roll,VG20,Hamilton,VEGETARIAN,vermicelli noodles/ carrots/ cabbage/ mushrooms/ tofu/ rice paper wrappers/ soy sauce/ garlic/ ginger/ sesame oil/ cilantro,,$16.95 ,https://stream.quickposhub.com/bad664b91ae4416d8a90434ce94c27b8.png,https://cloud.quickposhub.com/onlineorder/#/pages/order/index?hotelid=102503&fc=up
168,VG17.TOFU PadThai,VG17,Hamilton,VEGETARIAN,chewy rice noodles/crunchy fried tofu bites/sautéed white onions/crushed peanut,"Introducing Toronto Pho's Famous Tofu Pad Thai – a dish that's sure to tantalize your taste buds! Each mouthwatering bite comes packed full of flavor and spice, thanks to our house-made secret Pad Thai sauce. We start with a bed of chewy rice noodles, crunchy fried tofu bites and sautéed white onions before topping it all off with crushed peanuts for added texture and deliciousne",$17.75 ,https://stream.quickposhub.com/f73f7cf7d3f7483a8185d8ec6d40f2ff.png,https://cloud.quickposhub.com/onlineorder/#/pages/order/index?hotelid=102503&fc=up
169,VG09.(VEG)SF Noodle (TOFU),VG09,Hamilton,VEGETARIAN,"Tofu, noodles, and a variety of vegetables such as carrots, bell peppers, and broccoli.",,$17.75 ,https://stream.quickposhub.com/80adbc8645e74947969deeb903ae042f.png,https://cloud.quickposhub.com/onlineorder/#/pages/order/index?hotelid=102503&fc=up
170,VG11.(VEG)SF Chick+Lemongrass,VG11,Hamilton,VEGETARIAN,chickpeas/lemongrass/coconut milk/onions/garlic/ginger/tomato paste/coconut oil/spices.,,$17.75 ,https://stream.quickposhub.com/e9b1416d1a3f4212a2725fd62c1948e1.jpeg,https://cloud.quickposhub.com/onlineorder/#/pages/order/index?hotelid=102503&fc=up
171,V07L.(VER)Chicken+SpringRoll,V07L,Hamilton,VERMICELLI,"Chicken, Spring roll, Vermicelli, Vegetable, Fish sauce, Peanut","Served with Vermicelli, Vegetable, Fish Sauce and PEANUT. **Extra Sauce won't be given with the note.
 (If you require cutlery set, please select ""Add on Cutlery Set"", it won't be given with the note)",$16.95 ,https://stream.quickposhub.com/5a51e49d05e04b13a7e421c66851cd55.jpg,https://cloud.quickposhub.com/onlineorder/#/pages/order/index?hotelid=102503&fc=up
172,V08L.(VER)Beef+SpringRoll,V08L,Hamilton,VERMICELLI,"Beef, Spring Roll, Vermicelli, Vegetable, Fish Sauce, Peanut","Served with Vermicelli, Vegetable, Fish Sauce and PEANUT. **Extra Sauce won't be given with the note.
 (If you require cutlery set, please select ""Add on Cutlery Set"", it won't be given with the note)",$16.95 ,https://stream.quickposhub.com/584bbe7bc61a4910b8e713e0b3620ab6.jpg,https://cloud.quickposhub.com/onlineorder/#/pages/order/index?hotelid=102503&fc=up
173,V10L.(VER)Pork+PorkStick,V10L,Hamilton,VERMICELLI,Pork/PorkStick/Vermicelli/Vegetable/Fish Sauce/PEANUT,"Served with Vermicelli, Vegetable, Fish Sauce and PEANUT. **Extra Sauce won't be given with the note.
 (If you require cutlery set, please select ""Add on Cutlery Set"", it won't be given with the note)",$16.95 ,https://stream.quickposhub.com/b4e27dc8e8724f6e9b74503b36cc39fa.jpg,https://cloud.quickposhub.com/onlineorder/#/pages/order/index?hotelid=102503&fc=up
174,V12L.(VER)Pork+ShrimpSugarCane,V12L,Hamilton,VERMICELLI,Pork / Shrimp / Sugar Cane / Vermicelli / Vegetable / Fish Sauce / Peanut.,"Served with Vermicelli, Vegetable, Fish Sauce and PEANUT. **Extra Sauce won't be given with the note.
 (If you require cutlery set, please select ""Add on Cutlery Set"", it won't be given with the note)",$17.50 ,https://stream.quickposhub.com/861a9c7150a24e9c8586dc20a613aff8.jpg,https://cloud.quickposhub.com/onlineorder/#/pages/order/index?hotelid=102503&fc=up
175,V02L.(VER) SpringRoll,V02L,Hamilton,VERMICELLI,Vermicelli / Vegetables / Fish Sauce / Peanut,"Served with Vermicelli, Vegetable, Fish Sauce and PEANUT. Extra Sauce won't be given with the note.
 (If you require cutlery set, please select ""Add on Cutlery Set"", it won't be given with the note)",$16.95 ,https://stream.quickposhub.com/be62a9e765a942aa94699ef64c804c1b.jpg,https://cloud.quickposhub.com/onlineorder/#/pages/order/index?hotelid=102503&fc=up
176,V13L.(VER)Beef+ShrimpSugarCane,V13L,Hamilton,VERMICELLI,Beef / Shrimp / Sugar Cane / Vermicelli / Vegetable / Fish Sauce / Peanut.,"Served with Vermicelli, Vegetable, Fish Sauce and PEANUT. **Extra Sauce won't be given with the note.
 (If you require cutlery set, please select ""Add on Cutlery Set"", it won't be given with the note)",$17.50 ,https://stream.quickposhub.com/47a72eb89ec14e6d9dbdb90f0c008939.jpg,https://cloud.quickposhub.com/onlineorder/#/pages/order/index?hotelid=102503&fc=up
177,V01L.(VER)Pork,V01L,Hamilton,VERMICELLI,Pork / Vermicelli / Vegetable / Fish Sauce / Peanut,"Served with Vermicelli, Vegetable, Fish Sauce and PEANUT. Extra Sauce won't be given with the note.
 (If you require cutlery set, please select ""Add on Cutlery Set"", it won't be given with the note)",$16.95 ,https://stream.quickposhub.com/c1d47d3b78fc4a85a9fbfac0fe45f1ef.jpg,https://cloud.quickposhub.com/onlineorder/#/pages/order/index?hotelid=102503&fc=up
178,V04L.(VER) Beef,V04L,Hamilton,VERMICELLI,Beef/Vermicelli/Vegetable/Fish Sauce/PEANUT.,"Served with Vermicelli, Vegetable, Fish Sauce and PEANUT. **Extra Sauce won't be given with the note.
 (If you require cutlery set, please select ""Add on Cutlery Set"", it won't be given with the note)",$16.95 ,https://stream.quickposhub.com/4ae04ed6befa42c598cf1debc1666852.jpg,https://cloud.quickposhub.com/onlineorder/#/pages/order/index?hotelid=102503&fc=up
179,V03L.(VER) Chicken,V03L,Hamilton,VERMICELLI,"Chicken, Vermicelli, Vegetable, Fish Sauce, Peanut","Served with Vermicelli, Vegetable, Fish Sauce and PEANUT. Extra Sauce won't be given with the note.
 (If you require cutlery set, please select ""Add on Cutlery Set"", it won't be given with the note)",$16.95 ,https://stream.quickposhub.com/e0e928de074b43dc8d1835ab291c8e2c.jpg,https://cloud.quickposhub.com/onlineorder/#/pages/order/index?hotelid=102503&fc=up
180,V06L.(VER)Pork+SpringRoll,V06L,Hamilton,VERMICELLI," Pork, Spring Roll Wrapper, Vermicelli, Vegetables, Fish Sauce, Peanut.","Served with Vermicelli, Vegetable, Fish Sauce and PEANUT. **Extra Sauce won't be given with the note.
 (If you require cutlery set, please select ""Add on Cutlery Set"", it won't be given with the note)",$16.95 ,https://stream.quickposhub.com/7d6755d8bb68403788985f9cb97df989.jpg,https://cloud.quickposhub.com/onlineorder/#/pages/order/index?hotelid=102503&fc=up
